1;McIlroy, Rory ;8047952;15,9
2;Woods, Tiger ;6133158;15,63
3;Snedeker, Brandt ;4989739;15,42
4;Dufner, Jason ;4869304;15,4
5;Watson, Bubba ;4644997;15,35
6;Johnson, Zach ;4504244;15,32
7;Rose, Justin ;4290930;15,27
8;Mickelson, Phil ;4203821;15,25
9;Mahan, Hunter ;4019193;15,21
10;Bradley, Keegan ;3910658;15,18
11;Kuchar, Matt ;3903065;15,18
12;Furyk, Jim ;3623805;15,1
13;Pettersson, Carl ;3538656;15,08
14;Donald, Luke ;3512024;15,07
15;Oosthuizen, Louis ;3460995;15,06
16;Els, Ernie  ;3453118;15,05
17;Simpson, Webb ;3436758;15,05
18;Stricker, Steve ;3420021;15,05
19;Johnson, Dustin ;3393820;15,04
20;Garrigus, Robert ;3206530;14,98
21;Fowler, Rickie ;3066293;14,94
22;Watney, Nick ;3044224;14,93
23;Van Pelt, Bo ;3043509;14,93
24;Westwood, Lee ;3016569;14,92
25;Scott, Adam ;2899557;14,88
26;Moore, Ryan ;2858944;14,87
27;Piercy, Scott ;2699205;14,81
28;Huh, John ;2692113;14,81
29;Garcia, Sergio ;2510116;14,74
30;Curtis, Ben ;2494153;14,73
31;McDowell, Graeme ;2408279;14,69
32;Stanley, Kyle ;2351857;14,67
33;Haas, Bill ;2349951;14,67
34;Blixt, Jonas ;2255695;14,63
35;Wagner, Johnson ;2225007;14,62
36;Laird, Martin ;2172883;14,59
37;Wilson, Mark ;2144780;14,58
38;Na, Kevin  ;2029943;14,52
39;de Jonge, Brendon ;2015252;14,52
40;Every, Matt ;1972166;14,49
41;Leishman, Marc ;1933761;14,47
42;Senden, John ;1916651;14,47
43;Wi, Charlie ;1845397;14,43
44;Cauley, Bud ;1774479;14,39
45;Poulter, Ian ;1715271;14,36
46;Crane, Ben ;1701365;14,35
47;Toms, David ;1658428;14,32
48;Walker, Jimmy ;1638419;14,31
49;Noh, Seung-Yul ;1629751;14,3
50;Byrd, Jonathan ;1616789;14,3
51;Singh, Vijay ;1586305;14,28
52;Overton, Jeff ;1563670;14,26
53;Harrington, Padraig ;1546272;14,25
54;Stadler, Kevin ;1546036;14,25
55;Gainey, Tommy ;1540749;14,25
56;Points, D.A. ;1533361;14,24
57;Duke, Ken ;1511628;14,23
58;Palmer, Ryan ;1501215;14,22
59;Rollins, John ;1489155;14,21
60;Thompson, Michael ;1408374;14,16
61;Clark, Tim ;1407028;14,16
62;Potter, Jr., Ted ;1383170;14,14
63;Beljan, Charlie ;1373528;14,13
64;Davis, Brian ;1318032;14,09
65;Henry, J.J. ;1297802;14,08
66;Stallings, Scott ;1293739;14,07
67;Howell III, Charles ;1284578;14,07
68;Levin, Spencer ;1283616;14,07
69;Hoffman, Charley ;1276663;14,06
70;Pride, Dicky ;1259712;14,05
71;Ogilvy, Geoff ;1255223;14,04
72;Gillis, Tom ;1238058;14,03
73;Adams, Blake ;1234345;14,03
74;McGirt, William ;1228947;14,02
75;Tringale, Cameron ;1225737;14,02
76;Baddeley, Aaron ;1215753;14,01
77;Matteson, Troy ;1198953;14
78;Kirk, Chris ;1197562;14
79;English, Harris ;1186003;13,99
80;Holmes, J.B. ;1179505;13,98
81;Chalmers, Greg ;1166627;13,97
82;Molder, Bryce ;1166115;13,97
83;Bae, Sang-Moon ;1165952;13,97
84;OHair, Sean ;1160981;13,96
85;Owen, Greg ;1151622;13,96
86;Mallinger, John ;1146852;13,95
87;Harman, Brian ;1146448;13,95
88;Day, Jason ;1143233;13,95
89;Schwartzel, Charl ;1138844;13,95
90;Sabbatini, Rory ;1128820;13,94
91;McNeill, George ;1119535;13,93
92;Summerhays, Daniel ;1111522;13,92
93;Merrick, John ;1084628;13,9
94;Perez, Pat ;1064053;13,88
95;DeLaet, Graham ;1051951;13,87
96;Flores, Martin ;1035569;13,85
97;Hearn, David ;1012575;13,83
98;Teater, Josh ;1011430;13,83
99;Estes, Bob ;1009769;13,83
100;Love III, Davis ;989753;13,81
